{"_runtime":14,"loss":0.33748243004083633,"accuracy":1,"_timestamp":1.752512689253671e+09,"_step":2,"epoch":3,"_wandb":{"runtime":14}}